0,0,0,0
10000,3.58578,3.5883,3.76901
20000,4.82672,4.71158,5.0736
30000,5.49211,5.38448,5.82705
40000,5.96699,5.83704,6.35241
50000,6.30724,6.12882,6.75981
60000,6.57628,6.288,7.09833
70000,6.78622,6.42615,7.35164
80000,6.95948,6.54724,7.53219
90000,7.10955,6.62385,7.67746
100000,7.27283,6.70719,7.82725
110000,7.42089,6.8001,7.9641
120000,7.4944,6.86822,8.10984
130000,7.57024,6.91183,8.2068
140000,7.64378,6.97416,8.34088
150000,7.70289,7.01908,8.40739
160000,7.79857,7.03781,8.46642
170000,7.87042,7.06782,8.55856
180000,7.92674,7.08193,8.63586
190000,7.97368,7.07921,8.70763
200000,7.99996,7.12292,8.7634
210000,8.0064,7.15887,8.82483
220000,8.02928,7.2229,8.89833
230000,8.02621,7.23225,8.91542
240000,8.06367,7.2825,8.97566
250000,8.07033,7.32304,9.00105
260000,8.11346,7.29694,9.02146
270000,8.16343,7.30953,9.06898
280000,8.19243,7.34023,9.12823
290000,8.19999,7.36548,9.13928
300000,8.23262,7.37654,9.15012
310000,8.26015,7.41687,9.15844
320000,8.29262,7.43482,9.12539
330000,8.29015,7.43795,9.15295
340000,8.28619,7.48105,9.18542
350000,8.27104,7.48958,9.1868
360000,8.27368,7.47888,9.24215
370000,8.26288,7.49844,9.26286
380000,8.25322,7.51126,9.29073
390000,8.28032,7.55637,9.30155
400000,8.27186,7.5849,9.32206
410000,8.2625,7.65831,9.31447
420000,8.29319,7.72321,9.33884
430000,8.31126,7.75394,9.37383
440000,8.33268,7.78851,9.41294
450000,8.36803,7.80659,9.46962
460000,8.3827,7.82681,9.55725
470000,8.38959,7.8645,9.63989
480000,8.36592,7.86543,9.67199
490000,8.40434,7.84633,9.70631
500000,8.46298,7.83643,9.76048
510000,8.47668,7.82535,9.79757
520000,8.50071,7.81054,9.82472
530000,8.49062,7.89406,9.86152
540000,8.47582,7.92067,9.91179
550000,8.51265,7.95279,9.93851
560000,8.50859,7.95587,9.97955
570000,8.515,8.00006,10.0402
580000,8.52982,8.00104,10.0808
590000,8.53569,8.0222,10.1391
600000,8.55287,8.0599,10.1648
610000,8.55827,8.10208,10.1718
620000,8.57767,8.09396,10.2268
630000,8.59792,8.14939,10.2566
640000,8.61533,8.17366,10.2857
650000,8.6431,8.18818,10.3108
660000,8.69122,8.215,10.3548
670000,8.71918,8.23956,10.3624
680000,8.7463,8.27373,10.3444
690000,8.78129,8.27232,10.3429
700000,8.83953,8.31105,10.3557
710000,8.89285,8.32429,10.3718
720000,8.91027,8.34874,10.4056
730000,8.95462,8.36135,10.4396
740000,8.94458,8.35189,10.4927
750000,8.95342,8.36528,10.5226
760000,8.94716,8.34536,10.5379
770000,8.93031,8.34227,10.5487
780000,8.95333,8.33232,10.5786
790000,9.00428,8.33158,10.6348
800000,9.03752,8.37432,10.6182
810000,9.05266,8.38737,10.6075
820000,9.05306,8.41354,10.6168
830000,9.08391,8.43427,10.645
840000,9.09331,8.45339,10.669
850000,9.09446,8.4982,10.7097
860000,9.1402,8.52819,10.7452
870000,9.17333,8.54996,10.7721
880000,9.14916,8.55377,10.7816
890000,9.18131,8.56576,10.852
900000,9.16684,8.57098,10.8936
910000,9.18686,8.61264,10.9319
920000,9.22998,8.60044,11.0026
930000,9.26298,8.63259,11.0745
940000,9.30106,8.64444,11.0999
950000,9.31932,8.67604,11.1729
960000,9.36716,8.70276,11.2397
970000,9.39246,8.71853,11.265
980000,9.37262,8.69996,11.2688
990000,9.36911,8.72694,11.2772
1000000,9.34557,8.72118,11.3103
1010000,9.36838,8.75567,11.3613
1020000,9.35379,8.75116,11.3726
1030000,9.36544,8.75366,11.3932
1040000,9.386,8.78193,11.411
1050000,9.3875,8.82748,11.4229
1060000,9.42482,8.82388,11.4215
1070000,9.41137,8.81232,11.4723
1080000,9.40632,8.80237,11.5471
1090000,9.41465,8.77329,11.5786
1100000,9.38073,8.75603,11.6133
1110000,9.40424,8.80819,11.6529
1120000,9.42926,8.85336,11.6742
1130000,9.47645,8.88886,11.7113
1140000,9.52106,8.8723,11.7581
1150000,9.51982,8.88564,11.7825
1160000,9.54518,8.86876,11.8085
1170000,9.61734,8.88006,11.8409
1180000,9.64461,8.91572,11.8379
1190000,9.69929,8.89841,11.8643
1200000,9.74781,8.88345,11.8919
1210000,9.74882,8.89354,11.8999
1220000,9.75907,8.91431,11.9271
1230000,9.77365,8.94269,11.9385
1240000,9.7933,8.90797,11.9523
1250000,9.83291,8.88372,11.9818
1260000,9.8526,8.85785,12.0243
1270000,9.8671,8.85626,12.0772
1280000,9.87326,8.82719,12.1344
1290000,9.84573,8.83967,12.1524
1300000,9.85139,8.85334,12.154
1310000,9.86731,8.89539,12.1614
1320000,9.89539,8.94552,12.2084
1330000,9.89666,8.93401,12.2152
1340000,9.94334,8.9595,12.2224
1350000,9.93919,8.91921,12.2473
1360000,9.94264,8.88264,12.2451
1370000,9.92723,8.86782,12.2519
1380000,9.93504,8.84957,12.2642
1390000,9.94553,8.82028,12.2977
1400000,9.94768,8.83593,12.3354
1410000,9.90789,8.86997,12.3411
1420000,9.93131,8.87942,12.3279
1430000,9.93352,8.91759,12.344
1440000,9.96724,8.92161,12.3672
1450000,9.99401,8.95208,12.3709
1460000,10.0519,9.00344,12.3729
1470000,10.076,9.05002,12.3551
1480000,10.0802,9.0847,12.3834
1490000,10.0963,9.1281,12.421
1500000,10.1005,9.15784,12.4156
1510000,10.1184,9.14424,12.4144
1520000,10.1291,9.12126,12.4124
1530000,10.1675,9.10975,12.4297
1540000,10.1835,9.09801,12.437
1550000,10.211,9.10028,12.4623
1560000,10.26,9.07233,12.4579
1570000,10.3121,9.05456,12.4542
1580000,10.3506,9.08437,12.4523
1590000,10.3506,9.10857,12.4663
1600000,10.3593,9.13448,12.4921
1610000,10.3898,9.159,12.5363
1620000,10.3977,9.13639,12.515
1630000,10.4456,9.17271,12.4721
1640000,10.5092,9.18874,12.5192
1650000,10.5183,9.21662,12.5809
1660000,10.5428,9.25453,12.6218
1670000,10.5484,9.20643,12.6121
1680000,10.5388,9.22681,12.6128
1690000,10.5961,9.2355,12.6013
1700000,10.625,9.23364,12.6159
1710000,10.6493,9.2417,12.6061
1720000,10.6715,9.24157,12.5995
1730000,10.6971,9.26332,12.6371
1740000,10.759,9.24407,12.6439
1750000,10.8089,9.25985,12.6785
1760000,10.8185,9.29233,12.6841
1770000,10.819,9.32591,12.687
1780000,10.8051,9.32354,12.7557
1790000,10.837,9.38486,12.8207
1800000,10.8504,9.41087,12.8803
1810000,10.854,9.4429,12.96
1820000,10.8581,9.46831,13.0027
1830000,10.8509,9.48829,13.0627
1840000,10.8534,9.52674,13.0949
1850000,10.8648,9.53645,13.1385
1860000,10.8947,9.56676,13.1541
1870000,10.9387,9.56738,13.156
1880000,10.948,9.57539,13.2051
1890000,10.9539,9.57301,13.1903
1900000,10.9393,9.5811,13.198
1910000,10.9471,9.58373,13.2079
1920000,10.9535,9.60869,13.2148
1930000,10.9632,9.59303,13.2064
1940000,10.9589,9.59245,13.1472
1950000,10.9828,9.59347,13.1361
1960000,10.9743,9.63572,13.151
1970000,10.9932,9.64533,13.1841
1980000,11.0021,9.6518,13.1795
1990000,11.0384,9.64804,13.1951
2000000,11.0327,9.70064,13.1988
2010000,11.0712,9.75157,13.2163
2020000,11.081,9.73909,13.1917
2030000,11.0791,9.74689,13.1361
2040000,11.0924,9.72566,13.1258
2050000,11.087,9.70347,13.1108
2060000,11.1048,9.75601,13.1016
2070000,11.1163,9.76771,13.067
2080000,11.1232,9.70615,13.0561
2090000,11.1469,9.67511,13.1169
2100000,11.1873,9.70502,13.1635
2110000,11.2036,9.67131,13.2207
2120000,11.1954,9.64292,13.2727
2130000,11.2536,9.59437,13.302
2140000,11.2373,9.62721,13.3624
2150000,11.2337,9.64557,13.4195
2160000,11.2653,9.62516,13.5
2170000,11.3311,9.61079,13.5662
2180000,11.3716,9.62882,13.5655
2190000,11.4204,9.63954,13.6105
2200000,11.4445,9.6699,13.6905
2210000,11.4709,9.68722,13.74
2220000,11.4929,9.69921,13.7849
2230000,11.4752,9.69503,13.8018
2240000,11.4554,9.68255,13.8211
2250000,11.4516,9.66793,13.8194
2260000,11.4541,9.64713,13.8575
2270000,11.4621,9.64735,13.8678
2280000,11.4517,9.67047,13.9303
2290000,11.4321,9.69383,13.9845
2300000,11.4411,9.73903,13.9661
2310000,11.4402,9.75504,13.9537
2320000,11.4474,9.75154,13.9538
2330000,11.4959,9.80372,13.9829
2340000,11.5427,9.798,14.0386
2350000,11.5771,9.77653,14.0394
2360000,11.5678,9.80001,14.0442
2370000,11.5181,9.79986,14.0061
2380000,11.4809,9.80263,13.9911
2390000,11.4551,9.80049,13.9739
2400000,11.4792,9.80709,13.974
2410000,11.5254,9.76897,13.9844
2420000,11.5342,9.77236,13.9781
2430000,11.539,9.76136,14.0284
2440000,11.5573,9.78924,14.0619
2450000,11.5183,9.80975,14.1168
2460000,11.5293,9.79612,14.1358
2470000,11.5339,9.77553,14.1802
2480000,11.5315,9.78523,14.1936
2490000,11.5346,9.78935,14.2005
2500000,11.5315,9.78244,14.1974
2510000,11.544,9.76303,14.1643
2520000,11.5385,9.81448,14.2007
2530000,11.5494,9.83756,14.2213
2540000,11.5913,9.89056,14.2416
2550000,11.66,9.88383,14.2424
2560000,11.6994,9.94322,14.2739
2570000,11.7094,9.96417,14.2809
2580000,11.7752,10.0095,14.3261
2590000,11.8135,10.0069,14.3231
2600000,11.8304,10.0351,14.375
2610000,11.8535,10.0218,14.4022
2620000,11.8836,10.0036,14.3808
2630000,11.9096,9.97471,14.4263
2640000,11.9532,9.93081,14.4462
2650000,11.9669,9.8999,14.4147
2660000,12.0051,9.90773,14.4343
2670000,12.0174,9.8954,14.447
2680000,12.0157,9.90402,14.456
2690000,12.0484,9.88493,14.4943
2700000,12.0953,9.87324,14.5598
2710000,12.1167,9.87839,14.6169
2720000,12.1331,9.88094,14.6928
2730000,12.1642,9.90657,14.7598
2740000,12.197,9.92832,14.8046
2750000,12.221,9.90828,14.7965
2760000,12.2005,9.87777,14.7911
2770000,12.1845,9.90849,14.8104
2780000,12.2246,9.91559,14.8354
2790000,12.2458,9.91821,14.7997
2800000,12.2515,9.95864,14.8126
2810000,12.2404,9.94542,14.8082
2820000,12.2154,9.94493,14.8359
2830000,12.2083,9.95569,14.8317
2840000,12.2076,9.94715,14.8143
2850000,12.2255,9.96683,14.8471
2860000,12.2109,10.0053,14.8409
2870000,12.2209,9.99616,14.8442
2880000,12.2254,10.045,14.8192
2890000,12.2209,10.0561,14.8322
2900000,12.2139,10.0918,14.8698
2910000,12.221,10.0859,14.8554
2920000,12.1987,10.0518,14.837
2930000,12.2119,10.0604,14.8218
2940000,12.2687,10.0625,14.8317
2950000,12.3135,10.0433,14.8448
2960000,12.335,10.0365,14.8187
2970000,12.3719,10.0129,14.7968
2980000,12.4118,9.98134,14.8374
2990000,12.4589,9.96209,14.8493
3000000,12.5011,9.9713,14.8637
3010000,12.5048,9.93917,14.853
3020000,12.4827,9.90833,14.88
3030000,12.4646,9.87708,14.9285
3040000,12.4755,9.86517,14.9474
3050000,12.5499,9.83623,15.0036
3060000,12.5458,9.7895,15.0025
3070000,12.5824,9.79522,14.9981
3080000,12.5738,9.79352,15.0329
3090000,12.5508,9.82203,15.0892
3100000,12.6209,9.8254,15.0881
3110000,12.6153,9.79718,15.1318
3120000,12.6974,9.77443,15.1807
3130000,12.7085,9.75769,15.2331
3140000,12.6897,9.76025,15.2939
3150000,12.7056,9.7691,15.3463
3160000,12.7341,9.78644,15.4043
3170000,12.7969,9.82057,15.4047
3180000,12.8519,9.81766,15.4333
3190000,12.8993,9.83095,15.465
3200000,12.9067,9.80953,15.4899
3210000,12.9071,9.77223,15.5204
3220000,12.9441,9.80861,15.5643
3230000,12.9521,9.80548,15.6203
3240000,12.9727,9.81464,15.6519
3250000,13.0005,9.78498,15.6496
3260000,13.0157,9.81608,15.6814
3270000,13.0107,9.80622,15.6886
3280000,12.9941,9.80392,15.6346
3290000,13.0098,9.80632,15.615
3300000,13.0293,9.85061,15.604
3310000,12.9967,9.8678,15.6545
3320000,12.9897,9.88855,15.689
3330000,12.961,9.89258,15.705
3340000,13.0192,9.87995,15.6906
3350000,13.0656,9.83846,15.7265
3360000,13.0652,9.84817,15.7002
3370000,13.0847,9.82682,15.69
3380000,13.0878,9.84418,15.7209
3390000,13.1144,9.83197,15.7632
3400000,13.1413,9.78742,15.806
3410000,13.1479,9.73417,15.8247
3420000,13.1696,9.72547,15.8457
3430000,13.1788,9.76852,15.8854
3440000,13.1812,9.76025,15.9577
3450000,13.1859,9.74981,16.0298
3460000,13.2228,9.77729,16.1009
3470000,13.2141,9.79835,16.115
3480000,13.1923,9.79216,16.0971
3490000,13.2017,9.80535,16.0567
3500000,13.2412,9.84345,16.0537
3510000,13.256,9.81834,16.0838
3520000,13.222,9.81123,16.0828
3530000,13.2686,9.79605,16.131
3540000,13.2598,9.80034,16.1077
3550000,13.2635,9.78778,16.1392
3560000,13.2181,9.77961,16.1551
3570000,13.2295,9.77946,16.1432
3580000,13.2492,9.79018,16.1274
3590000,13.2521,9.77731,16.1236
3600000,13.2327,9.80181,16.1337
3610000,13.2285,9.78107,16.1711
3620000,13.2561,9.81195,16.1809
3630000,13.3037,9.84777,16.2054
3640000,13.336,9.84531,16.2651
3650000,13.3738,9.87428,16.3001
3660000,13.3862,9.8867,16.3259
3670000,13.3718,9.92514,16.3569
3680000,13.3173,9.95368,16.3857
3690000,13.2969,9.99935,16.3929
3700000,13.3043,10.0171,16.3986
3710000,13.2933,10.0004,16.4421
3720000,13.2674,9.95426,16.4572
3730000,13.2744,9.91685,16.4429
3740000,13.3127,9.94142,16.4484
3750000,13.3293,9.93099,16.4615
3760000,13.3387,9.92618,16.479
3770000,13.3268,9.91394,16.5512
3780000,13.3142,9.91929,16.5731
3790000,13.3715,9.87697,16.5876
3800000,13.363,9.8525,16.5673
3810000,13.4048,9.8355,16.5656
3820000,13.3964,9.82679,16.5828
3830000,13.4122,9.85242,16.584
3840000,13.4372,9.9209,16.6209
3850000,13.4744,9.89933,16.6867
3860000,13.5254,9.8934,16.6838
3870000,13.5234,9.87668,16.725
3880000,13.5326,9.87438,16.7706
3890000,13.5571,9.85308,16.7795
3900000,13.552,9.88124,16.7981
3910000,13.5256,9.88964,16.7925
3920000,13.4937,9.84762,16.7467
3930000,13.5321,9.83634,16.7386
3940000,13.5819,9.80123,16.7367
3950000,13.6271,9.82627,16.7519
3960000,13.6778,9.81304,16.7968
3970000,13.6985,9.83734,16.8185
3980000,13.7166,9.86266,16.8164
3990000,13.7316,9.85855,16.8113
4000000,13.8185,9.8612,16.8588
4010000,13.8851,9.92295,16.8792
4020000,13.9396,9.94884,16.8784
4030000,13.9549,10.0028,16.9376
4040000,13.9633,10.0575,16.9784
4050000,13.9659,10.0435,16.9707
4060000,13.9633,10.0316,16.9615
4070000,13.9912,10.0309,16.9354
4080000,13.9754,10.0008,16.9414
4090000,13.9526,10.0138,16.8962
4100000,13.9765,10.0577,16.8876
4110000,13.9616,10.0644,16.8328
4120000,13.9251,10.0963,16.8434
4130000,13.9361,10.1089,16.7895
4140000,13.9138,10.1524,16.8589
4150000,13.9226,10.1763,16.9213
4160000,13.9358,10.1722,16.9649
4170000,13.9065,10.1219,16.9562
4180000,13.911,10.1212,16.9249
4190000,13.9081,10.1152,16.9273
4200000,13.9708,10.0907,16.9388
4210000,13.9903,10.0559,16.9902
4220000,14.0143,10.0424,17.0253
4230000,14.0254,10.0316,17.1489
4240000,14.025,10.0498,17.229
4250000,14.0273,10.0881,17.2382
4260000,14.0206,10.0959,17.2691
4270000,14.0545,10.083,17.2526
4280000,14.0321,10.0395,17.2894
4290000,13.9986,10.0171,17.3735
4300000,14.0022,10.0406,17.4366
4310000,14.0368,10.036,17.3991
4320000,13.998,10.0914,17.3981
4330000,13.975,10.127,17.3535
4340000,13.9477,10.1172,17.3341
4350000,13.9472,10.1379,17.3286
4360000,13.8993,10.1847,17.3053
4370000,13.8952,10.1972,17.3068
4380000,13.9488,10.1936,17.3431
4390000,13.9751,10.1704,17.4027
4400000,13.9772,10.1585,17.4374
4410000,14.0017,10.1299,17.4446
4420000,14.0446,10.0845,17.4115
4430000,14.0427,10.0707,17.3576
4440000,14.0122,9.99521,17.3128
4450000,13.9782,9.9729,17.2724
4460000,14.0015,9.98099,17.2903
4470000,13.9848,9.98828,17.2804
4480000,14.0076,10.0313,17.2802
4490000,14.0002,10.0747,17.2854
4500000,14.0136,10.0261,17.3021
4510000,14.0334,9.96509,17.3155
4520000,14.0073,9.95784,17.2956
4530000,14.0267,9.96754,17.272
4540000,14.1106,9.94942,17.2631
4550000,14.1443,9.96416,17.3081
4560000,14.187,9.96419,17.3052
4570000,14.2023,9.94884,17.3055
4580000,14.2283,9.9335,17.396
4590000,14.1948,9.88195,17.4667
4600000,14.2,9.83445,17.5036
4610000,14.2366,9.82573,17.5448
4620000,14.26,9.84265,17.5572
4630000,14.2848,9.8389,17.5764
4640000,14.3113,9.86799,17.6308
4650000,14.3122,9.8545,17.6463
4660000,14.285,9.87846,17.6829
4670000,14.292,9.90409,17.7217
4680000,14.2757,9.94904,17.746
4690000,14.286,10.0001,17.7802
4700000,14.2596,10.0501,17.7637
4710000,14.2785,10.0988,17.8158
4720000,14.2678,10.123,17.8869
4730000,14.3081,10.1253,17.9329
4740000,14.3358,10.1537,18.0042
4750000,14.3223,10.1916,18.031
4760000,14.3154,10.237,18.0596
4770000,14.3384,10.2642,18.1068
4780000,14.3439,10.2877,18.1139
4790000,14.3944,10.3015,18.1728
4800000,14.4651,10.2707,18.16
4810000,14.4611,10.2166,18.2029
4820000,14.4313,10.1889,18.1754
4830000,14.4213,10.138,18.1767
4840000,14.4197,10.0763,18.1666
4850000,14.4037,10.1038,18.1727
4860000,14.4096,10.1328,18.1745
4870000,14.376,10.107,18.1583
4880000,14.3741,10.1166,18.1846
4890000,14.3764,10.1334,18.1711
4900000,14.3469,10.1604,18.1763
4910000,14.2945,10.1456,18.1615
4920000,14.3052,10.1699,18.1935
4930000,14.313,10.2101,18.2381
4940000,14.305,10.1511,18.2295
4950000,14.3134,10.1507,18.2385
4960000,14.3439,10.1077,18.2238
4970000,14.3649,10.1712,18.208
4980000,14.3585,10.1917,18.2291
4990000,14.364,10.2527,18.2122
5000000,14.314,10.3161,18.1835
5010000,14.2631,10.3446,18.127
5020000,14.2532,10.3448,18.104
5030000,14.2451,10.3077,18.1305
5040000,14.246,10.3376,18.1233
5050000,14.2287,10.3662,18.105
5060000,14.2086,10.3783,18.0727
5070000,14.2626,10.4181,18.053
5080000,14.319,10.4882,18.0548
5090000,14.3707,10.5243,18.1201
5100000,14.3771,10.5169,18.1391
5110000,14.382,10.5026,18.1614
5120000,14.3841,10.4996,18.2246
5130000,14.3749,10.478,18.2561
5140000,14.3422,10.4732,18.3239
5150000,14.4238,10.4776,18.3144
5160000,14.4054,10.4764,18.3354
5170000,14.4327,10.4098,18.3418
5180000,14.5227,10.3996,18.4356
5190000,14.5323,10.4023,18.4638
5200000,14.5674,10.3803,18.5243
5210000,14.5957,10.4114,18.5765
5220000,14.5764,10.4352,18.6096
5230000,14.6169,10.4664,18.6919
5240000,14.66,10.4528,18.7033
5250000,14.6275,10.3973,18.7733
5260000,14.6322,10.376,18.8149
5270000,14.6169,10.3445,18.7981
5280000,14.6493,10.3717,18.771
5290000,14.6666,10.4046,18.8035
5300000,14.6663,10.4276,18.832
5310000,14.6147,10.433,18.8727
5320000,14.5815,10.5049,18.8751
5330000,14.5742,10.5007,18.8535
5340000,14.5905,10.5276,18.8384
5350000,14.6505,10.5187,18.8131
5360000,14.6604,10.5382,18.7961
5370000,14.6449,10.5353,18.8503
5380000,14.6369,10.5331,18.804
5390000,14.5716,10.5391,18.8457
5400000,14.5577,10.5896,18.8164
5410000,14.5479,10.6139,18.8139
5420000,14.5734,10.6358,18.8229
5430000,14.5641,10.6673,18.8148
5440000,14.589,10.6466,18.8401
5450000,14.5828,10.659,18.8225
5460000,14.569,10.6765,18.8049
5470000,14.5653,10.7014,18.7926
5480000,14.58,10.6942,18.8071
5490000,14.6004,10.7195,18.8098
5500000,14.6394,10.7223,18.8875
5510000,14.6742,10.702,18.9596
5520000,14.6877,10.7053,18.9984
5530000,14.6531,10.6575,19.0953
5540000,14.6202,10.685,19.1004
5550000,14.6184,10.727,19.1391
5560000,14.6278,10.8073,19.1492
5570000,14.6393,10.8223,19.1704
5580000,14.729,10.875,19.196
5590000,14.7629,10.9198,19.2547
5600000,14.8179,10.9952,19.2828
5610000,14.8399,11.0653,19.2906
5620000,14.866,11.0799,19.3526
5630000,14.8814,11.0571,19.3733
5640000,14.96,11.0522,19.4194
5650000,14.9704,11.0432,19.4797
5660000,14.9836,11.0836,19.5006
5670000,15.0305,11.0885,19.5465
5680000,15.0586,11.0783,19.5444
5690000,15.0656,11.076,19.5288
5700000,15.0839,11.0668,19.5258
5710000,15.0946,11.1238,19.5385
5720000,15.1044,11.1391,19.5268
5730000,15.1459,11.1602,19.5378
5740000,15.1983,11.2166,19.5692
5750000,15.1631,11.2217,19.6199
5760000,15.1654,11.2671,19.6516
5770000,15.1434,11.3003,19.661
5780000,15.1448,11.2827,19.6501
5790000,15.1707,11.3181,19.6794
5800000,15.2138,11.3176,19.6406
5810000,15.223,11.2999,19.7099
5820000,15.2645,11.3039,19.6841
5830000,15.2706,11.3738,19.6872
5840000,15.2109,11.4043,19.676
5850000,15.1764,11.4338,19.6698
5860000,15.1738,11.4936,19.7309
5870000,15.1669,11.5708,19.689
5880000,15.1748,11.5924,19.6199
5890000,15.1499,11.6321,19.598
5900000,15.1905,11.5969,19.5926
5910000,15.2291,11.5856,19.6408
5920000,15.2621,11.5989,19.7051
5930000,15.3096,11.5459,19.7306
5940000,15.36,11.5694,19.8001
5950000,15.4566,11.6206,19.8506
5960000,15.5063,11.6188,19.9368
5970000,15.5025,11.6172,20.0247
5980000,15.4578,11.6498,20.0383
5990000,15.3799,11.6627,20.0731
6000000,15.3441,11.6489,20.0525
6010000,15.3384,11.6605,20.0317
6020000,15.2754,11.6469,20.0224
6030000,15.3041,11.6273,20.0155
6040000,15.3061,11.6319,20.0238
6050000,15.3249,11.6169,20.0236
6060000,15.3426,11.6102,20.0409
6070000,15.2851,11.5763,20.0842
6080000,15.2691,11.5641,20.0771
6090000,15.2525,11.5906,20.086
6100000,15.2905,11.5824,20.0257
6110000,15.2925,11.609,20.0226
6120000,15.2673,11.6528,20.0356
6130000,15.2828,11.6484,20.0398
6140000,15.3413,11.6588,20.0922
6150000,15.3645,11.7112,20.0943
6160000,15.3601,11.6591,20.1016
6170000,15.3808,11.6557,20.1319
6180000,15.4231,11.6263,20.1419
6190000,15.4401,11.6365,20.1577
6200000,15.4886,11.6096,20.1723
6210000,15.5282,11.6037,20.1654
6220000,15.5182,11.6068,20.2132
6230000,15.5262,11.5396,20.217
6240000,15.4923,11.5621,20.3105
6250000,15.4785,11.6098,20.3685
6260000,15.5637,11.6419,20.4064
6270000,15.628,11.6878,20.446
6280000,15.6886,11.696,20.4555
6290000,15.7172,11.6955,20.4721
6300000,15.7678,11.6872,20.5524
6310000,15.8053,11.6837,20.6374
6320000,15.8474,11.7017,20.6266
6330000,15.8844,11.7115,20.655
6340000,15.9288,11.7815,20.6103
6350000,15.9693,11.7929,20.6289
6360000,15.9952,11.7647,20.6537
6370000,16.0138,11.8539,20.6735
6380000,16.0432,11.8771,20.6277
6390000,16.0504,11.8684,20.6061
6400000,16.0368,11.9266,20.6098
6410000,16.0215,12.0026,20.6968
6420000,16.0401,12.0587,20.7226
6430000,16.0536,12.0628,20.7383
6440000,16.0335,12.0813,20.8662
6450000,16.0904,12.1729,20.9282
6460000,16.1227,12.1993,20.9718
6470000,16.0898,12.2403,20.9302
6480000,16.056,12.2906,20.9079
6490000,16.0578,12.3273,20.882
6500000,16.0832,12.3094,20.8231
6510000,16.1578,12.2658,20.807
6520000,16.2172,12.2892,20.755
6530000,16.1726,12.2966,20.7109
6540000,16.1467,12.3337,20.6645
6550000,16.1617,12.3718,20.6838
6560000,16.211,12.3668,20.687
6570000,16.2129,12.3584,20.6914
6580000,16.2576,12.3067,20.7477
6590000,16.3014,12.3131,20.7989
6600000,16.3361,12.3131,20.8163
6610000,16.3247,12.3011,20.8525
6620000,16.299,12.3221,20.8532
6630000,16.3184,12.361,20.8273
6640000,16.3416,12.4026,20.8546
6650000,16.3243,12.3959,20.8764
6660000,16.301,12.4032,20.8711
6670000,16.3585,12.4068,20.8831
6680000,16.4051,12.38,20.9292
6690000,16.4303,12.3186,20.9408
6700000,16.4368,12.3065,21.057
6710000,16.4331,12.2883,21.0729
6720000,16.4748,12.217,21.1263
6730000,16.4678,12.2177,21.1354
6740000,16.4823,12.2309,21.0857
6750000,16.4531,12.2765,21.0899
6760000,16.4073,12.3218,21.0837
6770000,16.392,12.3823,21.097
6780000,16.4003,12.3998,21.0856
6790000,16.3802,12.4605,20.9756
6800000,16.4067,12.4074,21.0131
6810000,16.462,12.4072,21.0337
6820000,16.5087,12.348,21.1016
6830000,16.584,12.3194,21.1872
6840000,16.6213,12.3783,21.1998
6850000,16.6459,12.3685,21.2133
6860000,16.6142,12.3919,21.1921
6870000,16.5802,12.3969,21.1467
6880000,16.5699,12.3725,21.2147
6890000,16.5939,12.3708,21.2581
6900000,16.6679,12.3491,21.3511
6910000,16.7045,12.412,21.4003
6920000,16.7132,12.3983,21.3737
6930000,16.8092,12.4228,21.2822
6940000,16.8726,12.4281,21.2258
6950000,16.8779,12.3654,21.2242
6960000,16.9263,12.3519,21.2142
6970000,16.977,12.3513,21.1912
6980000,17.0371,12.3491,21.1945
6990000,17.1132,12.3586,21.2744
7000000,17.0929,12.3482,21.2465
7010000,17.064,12.3403,21.2554
7020000,17.0384,12.3335,21.3058
7030000,17.0874,12.2989,21.3616
7040000,17.0513,12.3199,21.3734
7050000,17.0733,12.3284,21.4629
7060000,17.105,12.3112,21.4578
7070000,17.1761,12.3025,21.4617
7080000,17.2015,12.2764,21.4662
7090000,17.1887,12.2986,21.3742
7100000,17.0745,12.2597,21.3925
7110000,17.0341,12.2181,21.4275
7120000,17.0777,12.211,21.4533
7130000,17.1081,12.2341,21.5361
7140000,17.0995,12.2729,21.5367
7150000,17.0756,12.3344,21.4831
7160000,17.0619,12.3538,21.429
7170000,17.0192,12.4545,21.372
7180000,16.9816,12.498,21.3546
7190000,16.9959,12.5343,21.3041
7200000,16.9498,12.5443,21.2788
7210000,16.9357,12.5779,21.2739
7220000,16.861,12.5639,21.3373
7230000,16.8648,12.59,21.3272
7240000,16.8013,12.5736,21.3702
7250000,16.8035,12.5928,21.4555
7260000,16.8089,12.5443,21.506
7270000,16.7542,12.5029,21.5583
7280000,16.7118,12.4461,21.5758
7290000,16.7441,12.4424,21.6085
7300000,16.7822,12.444,21.6042
7310000,16.8084,12.4467,21.5474
7320000,16.8244,12.4161,21.5625
7330000,16.9172,12.416,21.6196
7340000,16.9604,12.4536,21.5967
7350000,16.928,12.4581,21.6338
7360000,16.9641,12.4486,21.668
7370000,16.9892,12.4715,21.6834
7380000,17.0426,12.4888,21.5963
7390000,17.0428,12.4093,21.5403
7400000,17.1135,12.4369,21.5027
7410000,17.1883,12.4863,21.41
7420000,17.1418,12.4609,21.4466
7430000,17.1535,12.4991,21.468
7440000,17.1567,12.5209,21.4907
7450000,17.1087,12.5534,21.5596
7460000,17.095,12.617,21.5581
7470000,17.0739,12.6366,21.5515
7480000,17.0531,12.6872,21.5057
7490000,17.066,12.6607,21.4355
7500000,17.0074,12.6495,21.4748
7510000,16.99,12.619,21.4903
7520000,16.9924,12.5831,21.4056
7530000,16.9303,12.5725,21.366
7540000,16.9319,12.5269,21.257
7550000,16.9855,12.4782,21.2102
7560000,16.9911,12.4866,21.1404
7570000,17.0346,12.5506,21.0576
7580000,17.1054,12.4976,21.1965
7590000,17.1095,12.4273,21.2054
7600000,17.1162,12.4273,21.2314
7610000,17.1665,12.3954,21.2127
7620000,17.2686,12.3828,21.1258
7630000,17.2571,12.3317,21.0766
7640000,17.2706,12.2801,21.0898
7650000,17.2814,12.1892,21.0923
7660000,17.3082,12.0881,21.1367
7670000,17.3152,12.0878,21.1639
7680000,17.37,12.0385,21.1956
7690000,17.3631,12.0817,21.2
7700000,17.338,12.068,21.2565
7710000,17.3162,12.0946,21.2341
7720000,17.3097,12.0316,21.2114
7730000,17.3016,12.1758,21.1651
7740000,17.3379,12.2122,21.2456
7750000,17.3196,12.2706,21.2891
7760000,17.2831,12.3777,21.2379
7770000,17.2383,12.3855,21.2546
7780000,17.2545,12.4117,21.2742
7790000,17.2971,12.3755,21.2056
7800000,17.276,12.3582,21.1773
7810000,17.2794,12.4365,21.186
7820000,17.2803,12.4719,21.1893
7830000,17.3279,12.5829,21.1725
7840000,17.3097,12.6849,21.1752
7850000,17.2845,12.7362,21.1603
7860000,17.2963,12.73,21.1525
7870000,17.3671,12.8283,21.0497
7880000,17.3968,12.8446,21.1494
7890000,17.3552,12.7754,21.1561
7900000,17.3606,12.8289,21.2996
7910000,17.4079,12.7963,21.2658
7920000,17.4993,12.8007,21.2727
7930000,17.4944,12.7471,21.2272
7940000,17.4874,12.6723,21.2229
7950000,17.545,12.5986,21.2997
7960000,17.5735,12.5707,21.3238
7970000,17.5821,12.5549,21.2427
7980000,17.5798,12.4935,21.2437
7990000,17.5673,12.5056,21.2565
8000000,17.5571,12.528,21.2122
8010000,17.5818,12.5069,21.1526
8020000,17.5183,12.3917,21.0989
8030000,17.5164,12.3145,21.0875
8040000,17.5765,12.2662,21.0677
8050000,17.5719,12.2142,20.9657
8060000,17.6124,12.2256,20.9431
8070000,17.7519,12.2246,20.8681
8080000,17.7773,12.1806,20.9106
8090000,17.7489,12.077,20.8629
8100000,17.8078,12.09,20.8824
8110000,17.7812,12.0935,20.8422
8120000,17.7799,12.0652,20.8663
8130000,17.8029,12.094,20.9527
8140000,17.8049,12.1097,20.973
8150000,17.7895,12.1045,20.962
8160000,17.8462,12.0685,21.0323
8170000,17.8961,12.0916,21.0388
8180000,17.9665,12.1255,21.0164
8190000,17.9305,12.1104,20.9378
8200000,17.9242,12.1562,20.8434
8210000,17.9525,12.245,20.8428
8220000,17.9784,12.2131,20.9158
8230000,18.0181,12.0792,20.8661
8240000,18.0771,12.131,20.8354
8250000,18.1363,12.1823,20.9482
8260000,18.2463,12.1349,21.0173
8270000,18.2538,12.1016,20.9865
8280000,18.2324,12.1141,20.8795
8290000,18.2956,12.1108,20.841
8300000,18.3147,12.1246,20.8258
8310000,18.4055,12.2116,20.8987
8320000,18.484,12.2425,20.9279
8330000,18.5184,12.2079,20.9101
8340000,18.4763,12.1525,20.8714
8350000,18.4217,12.1808,20.9257
8360000,18.3748,12.1942,20.961
8370000,18.2556,12.2396,20.934
8380000,18.238,12.2124,20.8349
8390000,18.2022,12.1472,20.835
8400000,18.1221,12.0494,20.8098
8410000,18.1336,12.0046,20.7763
8420000,18.135,11.9232,20.8003
8430000,18.1465,11.9787,20.8505
8440000,18.1338,11.9911,20.8166
8450000,18.2401,12.064,20.7739
8460000,18.3354,12.0001,20.7623
8470000,18.3417,12.0027,20.685
8480000,18.36,12.0346,20.6468
8490000,18.3267,12.0422,20.6449
8500000,18.444,11.9806,20.7233
8510000,18.4539,11.953,20.6793
8520000,18.4743,11.8848,20.6655
8530000,18.4394,11.9025,20.5604
8540000,18.5484,11.8908,20.3877
8550000,18.5668,11.9608,20.387
8560000,18.6448,12.0045,20.2996
8570000,18.6144,12.1312,20.2466
8580000,18.4981,12.1794,20.2672
8590000,18.5169,12.2334,20.196
8600000,18.4631,12.205,20.1406
8610000,18.453,12.1428,20.0688
8620000,18.4369,12.0872,20.0126
8630000,18.3724,12.0688,20.0577
8640000,18.3135,12.044,20.0075
8650000,18.3138,12.1527,19.9604
8660000,18.3287,12.2372,19.9859
8670000,18.2763,12.3133,19.995
8680000,18.2181,12.326,19.9237
8690000,18.162,12.2784,19.9917
8700000,18.0971,12.2344,19.9352
8710000,18.1992,12.1613,19.9642
8720000,18.2477,12.0395,19.9542
8730000,18.2432,12.0155,19.8661
8740000,18.3174,11.9093,19.8766
8750000,18.3213,11.8781,19.8661
8760000,18.2696,11.9172,19.8035
8770000,18.1822,12.0097,19.6772
8780000,18.164,12.0523,19.6275
8790000,18.0812,12.0781,19.5926
8800000,18.1027,12.1369,19.5679
8810000,18.0755,12.1712,19.5242
8820000,18.1243,12.2222,19.6
8830000,18.1802,12.2132,19.548
8840000,18.1077,12.1844,19.58
8850000,18.0469,12.1317,19.6821
8860000,18.0524,12.1217,19.7031
8870000,18.0322,12.0627,19.7842
8880000,18.0922,12.0756,19.7662
8890000,18.2351,12.0116,19.6293
8900000,18.2471,12.0167,19.591
8910000,18.2142,12.0263,19.5429
8920000,18.183,12.0559,19.5055
8930000,18.2874,12.2128,19.4127
8940000,18.2848,12.3472,19.3162
8950000,18.259,12.4775,19.3116
8960000,18.2626,12.5179,19.2075
8970000,18.2557,12.7261,19.0755
8980000,18.2942,12.7679,19.0395
8990000,18.2296,12.7615,19.075
9000000,18.2811,12.7498,19.133
9010000,18.3597,12.7943,19.0852
9020000,18.3398,12.8084,19.0387
9030000,18.3901,12.7951,19.0092
9040000,18.481,12.729,19.0383
9050000,18.5313,12.6915,19.1156
9060000,18.6149,12.6863,19.2008
9070000,18.7049,12.7225,19.1832
9080000,18.7319,12.7958,19.245
9090000,18.8628,12.9566,19.1589
9100000,18.967,13.0721,19.0854
9110000,18.9374,13.1567,19.108
9120000,18.8487,13.1494,19.2135
9130000,18.9449,13.075,19.3902
9140000,18.8194,13.0026,19.5521
9150000,18.8567,12.8792,19.5214
9160000,18.9388,12.8277,19.5163
9170000,18.9655,12.8412,19.5189
9180000,19.0718,12.928,19.426
9190000,19.2559,13.0418,19.5182
9200000,19.3186,13.1273,19.5351
9210000,19.4379,13.2557,19.5384
9220000,19.4704,13.3166,19.5773
9230000,19.418,13.2452,19.5386
9240000,19.4428,13.2267,19.6439
9250000,19.5007,13.0304,19.5726
9260000,19.5815,12.8638,19.4314
9270000,19.6341,12.9017,19.3871
9280000,19.7294,12.8851,19.4256
9290000,19.8537,13.0548,19.3937
9300000,19.8279,13.2024,19.5007
9310000,19.899,13.3821,19.6659
9320000,19.9718,13.5226,19.6222
9330000,20.0941,13.6153,19.7078
9340000,20.2557,13.4583,19.5928
9350000,20.3117,13.4805,19.566
9360000,20.5258,13.3488,19.6777
9370000,20.5966,13.3412,19.6659
9380000,20.7823,13.5145,19.7546
9390000,20.8488,13.5853,19.815
9400000,20.8478,13.6338,19.8391
9410000,20.801,13.5986,19.8921
9420000,20.8887,13.6512,19.9742
9430000,20.942,13.7179,20.0685
9440000,21.0237,13.8008,20.0659
9450000,21.0471,13.7616,20.0866
9460000,21.0875,13.8665,20.1849
9470000,21.0485,13.9079,20.2261
9480000,20.885,14.0558,20.0855
9490000,20.8091,13.9913,20.0676
9500000,20.6079,14.0786,20.1215
9510000,20.6576,14.1449,20.1524
9520000,20.7316,14.2409,20.119
9530000,20.5852,14.3678,19.807
9540000,20.5187,14.4457,19.7748
9550000,20.5094,14.4791,19.721
9560000,20.4225,14.4323,19.7578
9570000,20.426,14.3316,19.9448
9580000,20.447,14.4486,19.9656
9590000,20.4453,14.5094,20
9600000,20.5056,14.7125,20.0051
9610000,20.4738,14.9103,20.0254
9620000,20.5047,15.0328,19.9062
9630000,20.554,15.2035,19.8942
9640000,20.4826,15.2793,19.7927
9650000,20.255,15.1732,19.8022
9660000,20.2115,15.197,19.9519
9670000,20.3001,15.2418,19.8564
9680000,20.3972,15.2802,20.0904
9690000,20.2522,15.1287,20.0921
9700000,20.5503,15.2083,19.8001
9710000,20.3865,15.1948,19.7073
9720000,19.965,15.4034,19.7554
9730000,19.599,15.3685,19.4393
9740000,19.3255,15.2755,19.2433
9750000,19.0309,15.2853,19.112
9760000,18.5014,15.1324,18.9853
9770000,18.145,15.1026,18.8807
9780000,17.8607,14.881,19.0102
9790000,17.8086,14.9968,19.2098
9800000,17.6531,14.923,19.3801
9810000,17.1796,14.8995,19.6443
9820000,16.9729,15.1241,19.5303
9830000,16.8831,15.1951,19.4158
9840000,17.0275,15.0312,19.4054
9850000,16.9804,14.5766,19.7378
9860000,16.7031,14.313,19.5054
9870000,16.8348,13.7208,19.4286
9880000,17.1774,13.8589,19.2785
9890000,17.5896,13.6084,19.2329
9900000,17.9457,13.4539,19.261
9910000,17.8888,12.9015,19.4708
9920000,17.8217,12.6571,19.6002
9930000,17.9874,12.941,19.7878
9940000,17.6741,13.0475,20.0738
9950000,17.0657,13.0217,20.8791
9960000,16.82,13.0805,21.6676
9970000,16.3855,14.0462,21.5
9980000,15.2918,14.2567,21.225
9990000,16.1081,14.3393,20.9257
10000000,17.0675,16.4224,18.9831